RespondentID,SiteID,StartDate,EndDate,1) Do more volunteer work,2) See friends more often/make new friends,3) Take better care of my health,4) Eat meals that are better for me,5) Have more energy,6) Feel happier or more satisfied with my life,7) Have something to look forward to each day,8) Know where to ask if I need a serv,9) Feel more able to stay independent,10) Feel that the senior center has,11) Learn new things,12) Have learned about services and benefits,13) Am more physically active,14) Would recommend the s,15) Please tell us how part,16) I participate in the followin,17a) American Indian or Alaska Native,"17b) Asian, Asian-American","17c) Black, African-American, Other African",17d) Hawaiian Native or Pacific Islander,"17e) Hispanic, Latino",17f) White or Caucasian,17g) Other,18) Zip Code,19) Annual Income
WS001,West Seattle,01/01/2018,03/31/2018,Most of the time,Most of the time,Most of the time,Most of the time,Most of the time,Most of the time,Most of the time,Most of the time,Most of the time,Most of the time,Most of the time,Most of the time,Most of the time,Most of the time,"Made lifelong friends, learn new things","ukes, special events like workships, fairs, dances",0,1,0,0,0,0,0,98126,Moderate
WS003,West Seattle,01/01/2018,03/31/2018,Almost Never,Sometimes,Sometimes,Not Applicable,Sometimes,Sometimes,Most of the time,Almost Never,Sometimes,Most of the time,Most of the time,Most of the time,Sometimes,Most of the time,Encourages music in my life,Ukulele Monday,0,0,0,0,0,1,0,98136,Above Moderate
WS004,West Seattle,01/01/2018,03/31/2018,,Most of the time,,,,Most of the time,Most of the time,,,Most of the time,Most of the time,Most of the time,,Most of the time,I love playing with the ukes!,ukulele play along,0,0,0,0,0,1,0,98166,Unknown
WS005,West Seattle,01/01/2018,03/31/2018,Not Applicable,Sometimes,Sometimes,Not Applicable,Sometimes,Most of the time,Most of the time,Not Applicable,Most of the time,Most of the time,Most of the time,Not Applicable,Most of the time,Most of the time,I learned how to play ukulele with others and have a fun time,"ukulele group ""The ukes""",0,0,0,0,0,1,0,98198,Low
WS006,West Seattle,01/01/2018,03/31/2018,Most of the time,Most of the time,Most of the time,Most of the time,Most of the time,Most of the time,Most of the time,Most of the time,Most of the time,Most of the time,Most of the time,Most of the time,Most of the time,Most of the time,Made friends,"ukulele, bingo, dinner",0,0,0,0,0,1,0,98136,Above Moderate
WS007,West Seattle,01/01/2018,03/31/2018,Most of the time,Sometimes,Sometimes,Sometimes,Sometimes,Most of the time,Most of the time,Sometimes,Sometimes,Most of the time,Most of the time,Most of the time,Most of the time,Most of the time,I look forward to the days I teach a German class advanced and beginners,"EnhanceFitness, book club, teach German",0,0,0,0,0,1,0,98136,Low
WS008,West Seattle,01/01/2018,03/31/2018,Not Applicable,Most of the time,Not Applicable,Not Applicable,Not Applicable,Most of the time,Sometimes,Not Applicable,Not Applicable,Most of the time,Most of the time,Most of the time,Not Applicable,Most of the time,,,0,0,0,0,0,1,0,98116,Unknown
WS009,West Seattle,01/01/2018,03/31/2018,,Sometimes,,,Most of the time,Most of the time,Sometimes,Not Applicable,,Most of the time,Most of the time,,,Most of the time,,"ukulele, dance class, library",0,0,0,0,0,1,0,98146,Very Low
WS010,West Seattle,01/01/2018,03/31/2018,Sometimes,Most of the time,Most of the time,Most of the time,Most of the time,Most of the time,Most of the time,,Most of the time,Most of the time,Most of the time,Most of the time,Most of the time,Most of the time,Great Friends,cribbage,1,0,0,0,0,0,0,98136,Above Moderate
WS011,West Seattle,01/01/2018,03/31/2018,Sometimes,Sometimes,Most of the time,Sometimes,Sometimes,Most of the time,Sometimes,Sometimes,Not Applicable,Most of the time,Sometimes,Sometimes,Not Applicable,Most of the time,Fun and Friends,"Cribbage, fundraisers",0,0,0,0,0,1,0,98116,Above Moderate
WS012,West Seattle,01/01/2018,03/31/2018,Sometimes,Most of the time,Not Applicable,Most of the time,Sometimes,Most of the time,Most of the time,Most of the time,Not Applicable,Most of the time,Sometimes,Sometimes,Sometimes,Most of the time,,lunch,0,0,0,0,0,1,0,98118,Low
WS013,West Seattle,01/01/2018,03/31/2018,Most of the time,Most of the time,Most of the time,Most of the time,Most of the time,Most of the time,Most of the time,Most of the time,Most of the time,Most of the time,Most of the time,Most of the time,Most of the time,Most of the time,It has helped to begin to enjoy life everyday and to plan for a great future,,0,0,0,0,1,0,0,98188,Above Moderate
WS014,West Seattle,01/01/2018,03/31/2018,Sometimes,Most of the time,Sometimes,Most of the time,Most of the time,Most of the time,Sometimes,Not Applicable,Not Applicable,Most of the time,Most of the time,Most of the time,Most of the time,Most of the time,"Avoid depression, feel good","Recreation, socialization, social services, meals",0,0,0,0,1,0,0,98118,Low
WS015,West Seattle,01/01/2018,03/31/2018,Sometimes,Most of the time,Most of the time,Sometimes,Sometimes,Sometimes,Sometimes,Sometimes,Most of the time,Most of the time,Most of the time,Sometimes,Sometimes,Most of the time,"I get to spend time with people, I make new friends","Junction Diner, massage",0,0,0,0,0,1,0,98116,Low
WS016,West Seattle,01/01/2018,03/31/2018,Almost Never,Most of the time,Most of the time,Most of the time,Most of the time,Most of the time,Most of the time,Most of the time,Most of the time,Most of the time,Most of the time,Sometimes,Sometimes,Most of the time,the above,,1,0,0,0,0,0,0,98116,Low
WS017,West Seattle,01/01/2018,03/31/2018,Not Applicable,Sometimes,Not Applicable,Most of the time,Most of the time,Sometimes,Most of the time,Not Applicable,Most of the time,Most of the time,Sometimes,Sometimes,Almost Never,Most of the time,,,0,0,1,0,0,0,0,98116,Very Low
WS018,West Seattle,01/01/2018,03/31/2018,Most of the time,Most of the time,Most of the time,Most of the time,Sometimes,Sometimes,Sometimes,Almost Never,Almost Never,Most of the time,Sometimes,Sometimes,Most of the time,Sometimes,Consistently good food and activities,"Exercise, eating, socializing",0,0,0,0,0,1,0,98106,Moderate
WS019,West Seattle,01/01/2018,03/31/2018,Sometimes,Sometimes,Most of the time,Most of the time,Sometimes,Sometimes,Sometimes,Most of the time,Most of the time,Most of the time,Most of the time,Most of the time,Sometimes,Most of the time,"Since joining the center I have met new people, attended several events, book rentals, free income tax prep","Weekly lunches, rainbow bingo, special events, birthday lunch Tuesdays",0,0,0,0,0,1,0,98106,Low
WS020,West Seattle,01/01/2018,03/31/2018,Most of the time,Sometimes,Sometimes,Sometimes,Sometimes,Most of the time,Sometimes,Most of the time,Not Applicable,Most of the time,Most of the time,Most of the time,Sometimes,Most of the time,,,0,0,0,0,0,1,0,98126,Moderate
WS021,West Seattle,01/01/2018,03/31/2018,Most of the time,Sometimes,Sometimes,Sometimes,Most of the time,Most of the time,Most of the time,Almost Never,Most of the time,Most of the time,Most of the time,Most of the time,Most of the time,Most of the time,,"Volunteer, cribbage",0,0,0,0,0,1,0,98136,Above Moderate
WS022,West Seattle,01/01/2018,03/31/2018,Sometimes,Sometimes,Sometimes,Almost Never,Almost Never,Sometimes,Almost Never,Almost Never,Almost Never,Most of the time,Most of the time,Almost Never,Almost Never,Most of the time,New friends,Cribbage and some events,0,0,0,0,0,1,0,98116,Unknown
WS023,West Seattle,01/01/2018,03/31/2018,Sometimes,Sometimes,Sometimes,Sometimes,Sometimes,Most of the time,Sometimes,Most of the time,Most of the time,Most of the time,Most of the time,Most of the time,Sometimes,Most of the time,"Love the class, the book group, and the oatmeal cookies! I look forward to both plus I know more resources.","book group, history class, computer class, driving class, etc.",0,0,0,0,0,1,0,98126,Moderate
WS024,West Seattle,01/01/2018,03/31/2018,Almost Never,Sometimes,Sometimes,Sometimes,Sometimes,Sometimes,Sometimes,Sometimes,Sometimes,Sometimes,Sometimes,Sometimes,Sometimes,Sometimes,Mostly as as a result of the reading group,"reading group, meals",0,0,0,0,0,1,0,98116,Above Moderate
WS030,West Seattle,01/01/2018,03/31/2018,Not Applicable,Sometimes,Most of the time,Most of the time,Sometimes,Most of the time,Sometimes,Most of the time,Most of the time,Most of the time,Most of the time,Not Applicable,Sometimes,Most of the time,"Recently moved to Seattle, it gives me an anchor place to meet others","Reading group, weight watchers (just getting started)",0,0,0,0,0,1,0,98116,Low
WS031,West Seattle,01/01/2018,03/31/2018,Almost Never,Almost Never,Almost Never,Sometimes,Almost Never,Sometimes,Sometimes,Most of the time,Sometimes,Almost Never,Sometimes,Sometimes,Almost Never,Most of the time,I get out of the house more,Aging well,0,0,0,0,0,0,0,98116,Moderate
WS032,West Seattle,01/01/2018,03/31/2018,Sometimes,Most of the time,Sometimes,Not Applicable,Sometimes,Sometimes,Sometimes,Most of the time,Almost Never,Most of the time,Sometimes,Sometimes,Almost Never,Most of the time,See above,"Healthy aging class, library, cafe",0,0,0,0,0,1,0,98116,Moderate
WS033,West Seattle,01/01/2018,03/31/2018,Not Applicable,Most of the time,Not Applicable,Not Applicable,Not Applicable,Most of the time,Not Applicable,Not Applicable,Not Applicable,Most of the time,Most of the time,Most of the time,Not Applicable,Most of the time,It has added another thing to look forward to,Aging well,0,0,0,0,0,1,0,98106,Moderate
WS034,West Seattle,01/01/2018,03/31/2018,,Sometimes,,,Sometimes,Sometimes,Sometimes,Sometimes,,Sometimes,Sometimes,Sometimes,,Most of the time,Good classes and information,"Group on aging, classes",0,0,0,0,0,1,0,98136,Above Moderate
WS035,West Seattle,01/01/2018,03/31/2018,Almost Never,Sometimes,Sometimes,Sometimes,Sometimes,Sometimes,Sometimes,Almost Never,Almost Never,Sometimes,Almost Never,Almost Never,Sometimes,Sometimes,,"Lunch, aging support group",0,0,0,0,0,1,0,98116,Low
WS036,West Seattle,01/01/2018,03/31/2018,Not Applicable,,Most of the time,Not Applicable,Not Applicable,Sometimes,Sometimes,Sometimes,Most of the time,Most of the time,Most of the time,Sometimes,Most of the time,Most of the time,,"Aging well, cafe once in a while",0,0,0,0,0,1,0,98126,Moderate
WS037,West Seattle,01/01/2018,03/31/2018,Not Applicable,,Most of the time,Most of the time,Sometimes,Most of the time,Sometimes,Sometimes,Most of the time,Sometimes,Most of the time,Most of the time,Most of the time,Most of the time,Connections with many new friends and healthy living,"aging group, films, exercising, lunches",0,0,0,0,0,1,0,98146,Moderate
WS038,West Seattle,01/01/2018,03/31/2018,,Most of the time,Most of the time,Most of the time,Most of the time,Most of the time,Most of the time,Most of the time,Most of the time,Most of the time,Most of the time,Most of the time,Most of the time,Most of the time,More active,,0,0,1,0,0,0,0,,Unknown
WS039,West Seattle,01/01/2018,03/31/2018,Sometimes,Most of the time,Most of the time,Most of the time,Most of the time,Most of the time,Most of the time,Most of the time,Most of the time,Most of the time,Most of the time,Most of the time,Most of the time,Most of the time,I am now practicing and performing with the ukulele group,"Ukulele group, acrylic art class, occasional lunch",0,0,0,0,0,1,0,98116,Above Moderate
WS040,West Seattle,01/01/2018,03/31/2018,Sometimes,Most of the time,Most of the time,Most of the time,Most of the time,Most of the time,,Almost Never,Most of the time,Most of the time,Most of the time,Sometimes,Most of the time,Most of the time,Good reason to get out and socialize,"ukulele, movies, health",0,0,0,0,0,1,0,98106,Moderate
WS041,West Seattle,01/01/2018,03/31/2018,Sometimes,Most of the time,Most of the time,Not Applicable,Most of the time,Most of the time,Most of the time,Most of the time,Most of the time,Most of the time,Most of the time,Most of the time,Most of the time,Most of the time,I have a song in my mind every day. I have met many nice people.,"Ukulele, special events",0,0,0,0,0,1,0,98126,Above Moderate
WS042,West Seattle,01/01/2018,03/31/2018,Most of the time,Most of the time,Sometimes,Sometimes,Most of the time,Most of the time,Most of the time,Sometimes,Most of the time,Most of the time,Most of the time,Sometimes,Most of the time,Most of the time,"I fainaly have musiv back in my life, lots of positives like meeting new people",dance and ukulele group,0,0,0,0,0,1,0,98116,Moderate
WS043,West Seattle,01/01/2018,03/31/2018,Sometimes,Most of the time,Most of the time,Sometimes,Sometimes,Most of the time,Most of the time,Almost Never,Sometimes,Most of the time,Most of the time,Sometimes,Sometimes,Most of the time,Learned new activities and songs. Have a well balanced healthy meal at the center,ukulele play along,0,0,0,0,0,1,0,98106,Above Moderate
WS044,West Seattle,01/01/2018,03/31/2018,Not Applicable,Most of the time,Not Applicable,Not Applicable,Most of the time,Most of the time,Most of the time,Not Applicable,Not Applicable,Most of the time,Most of the time,Sometimes,Not Applicable,Most of the time,,"Uke, lunches",0,1,0,0,0,0,0,98168,Low
WS045,West Seattle,01/01/2018,03/31/2018,Most of the time,Most of the time,Sometimes,Sometimes,Not Applicable,Sometimes,Most of the time,Not Applicable,Most of the time,Most of the time,Not Applicable,Not Applicable,Not Applicable,Sometimes,I have learned to play the ukulele in the key of E,Ukulele,0,0,0,0,0,0,0,98116,Moderate
WS046,West Seattle,01/01/2018,03/31/2018,Almost Never,Most of the time,,Sometimes,Sometimes,Sometimes,Most of the time,Almost Never,Most of the time,Most of the time,Most of the time,Most of the time,Sometimes,Most of the time,Meet new friends,,0,0,0,0,0,1,0,,Low
WS047,West Seattle,01/01/2018,03/31/2018,Not Applicable,Almost Never,Sometimes,Most of the time,Most of the time,Most of the time,Sometimes,Almost Never,Sometimes,Most of the time,Almost Never,Sometimes,Sometimes,Most of the time,,,0,0,0,0,0,1,0,98126,Above Moderate
WS048,West Seattle,01/01/2018,03/31/2018,Not Applicable,Most of the time,Most of the time,Not Applicable,Not Applicable,Most of the time,Most of the time,Most of the time,Most of the time,Most of the time,Most of the time,Most of the time,Almost Never,Most of the time,I see people I love. I have volunteer helpers through SW program,Low vision group - westside friend volunteer,0,0,0,0,1,0,0,98116,Moderate
WS049,West Seattle,01/01/2018,03/31/2018,Sometimes,Most of the time,Most of the time,Most of the time,Sometimes,Most of the time,Most of the time,Most of the time,Most of the time,Most of the time,Sometimes,Sometimes,Sometimes,Most of the time,"Meet more people, better food",Bingo,0,0,0,0,0,1,0,98126,Low
WS050,West Seattle,01/01/2018,03/31/2018,Not Applicable,Sometimes,Not Applicable,Not Applicable,Not Applicable,Sometimes,Sometimes,Almost Never,Not Applicable,Sometimes,Sometimes,Almost Never,Not Applicable,Sometimes,Helps with my study of Spanish,Spanish class,0,0,0,0,0,1,0,98126,Moderate
WS051,West Seattle,01/01/2018,03/31/2018,Most of the time,Most of the time,Most of the time,Most of the time,Most of the time,Most of the time,Most of the time,Almost Never,Most of the time,Most of the time,Sometimes,Most of the time,Most of the time,Most of the time,"New friends, new activities","Volunteer at stop n' shop, EnhanceFitness",0,0,0,0,0,1,0,98116,Moderate
WS052,West Seattle,01/01/2018,03/31/2018,Sometimes,Sometimes,Sometimes,Most of the time,Most of the time,Most of the time,Sometimes,Sometimes,Sometimes,Most of the time,Sometimes,Almost Never,Sometimes,Most of the time,,mahjong and cribbage,0,0,0,0,0,1,0,98116,Low
WS053,West Seattle,01/01/2018,03/31/2018,Almost Never,Sometimes,Not Applicable,Not Applicable,Not Applicable,Not Applicable,Most of the time,Not Applicable,Not Applicable,Most of the time,Not Applicable,Not Applicable,Not Applicable,Most of the time,,Mahjong,1,0,0,0,0,1,0,98116,Low
WS054,West Seattle,01/01/2018,03/31/2018,Not Applicable,Most of the time,Most of the time,Most of the time,Most of the time,Most of the time,Most of the time,Not Applicable,Not Applicable,Most of the time,Most of the time,Sometimes,Not Applicable,Most of the time,"Made new friends, have fun",mahjong,0,0,0,0,0,1,0,98116,Very Low
WS055,West Seattle,01/01/2018,03/31/2018,Not Applicable,Most of the time,Not Applicable,Not Applicable,,Sometimes,Sometimes,Not Applicable,Not Applicable,Most of the time,Most of the time,Sometimes,Not Applicable,Most of the time,,"Mahjong, Cribbage",0,0,0,0,0,1,0,98126,Unknown
WS057,West Seattle,01/01/2018,03/31/2018,,Most of the time,Sometimes,Most of the time,Most of the time,Most of the time,Sometimes,Most of the time,Most of the time,Most of the time,Most of the time,Most of the time,Most of the time,Most of the time,Welcome and fun!,"Aging well, history class",0,0,0,0,0,1,0,98136,Above Moderate
WS058,West Seattle,01/01/2018,03/31/2018,,Sometimes,Most of the time,Sometimes,Sometimes,Sometimes,Sometimes,Sometimes,Not Applicable,Sometimes,Sometimes,Sometimes,Sometimes,Most of the time,New interests and sense of community,"EnhanceFitness, writers group, occasional meals",0,0,0,0,0,1,0,98116,Very Low
WS059,West Seattle,01/01/2018,03/31/2018,Most of the time,Most of the time,Most of the time,Not Applicable,Most of the time,Most of the time,Most of the time,Most of the time,Most of the time,Most of the time,Most of the time,Most of the time,Sometimes,Most of the time,Expanded my social connections to my community and other people. Made friends,"West Seattle timebank, senior resource fair, community events",0,0,0,0,0,1,0,98126,Above Moderate
WS060,West Seattle,01/01/2018,03/31/2018,Not Applicable,Sometimes,Most of the time,Not Applicable,Most of the time,Most of the time,Not Applicable,Most of the time,Most of the time,Most of the time,Most of the time,Sometimes,Most of the time,Most of the time,,"EnhanceFitness, occasional programs",0,0,0,0,0,1,0,98116,Moderate
WS061,West Seattle,01/01/2018,03/31/2018,Not Applicable,Sometimes,Most of the time,Not Applicable,Most of the time,Most of the time,Most of the time,Sometimes,Most of the time,Most of the time,Most of the time,Most of the time,Most of the time,Most of the time,Made me healthier and happier,"EnhanceFitness, classes, benefits",0,0,0,0,0,1,0,98116,Low
WS062,West Seattle,01/01/2018,03/31/2018,Almost Never,Most of the time,Most of the time,Sometimes,Most of the time,Most of the time,Sometimes,Sometimes,Most of the time,Most of the time,Most of the time,Most of the time,Most of the time,Most of the time,Helped with depression,"meals, EnhanceFitness",0,0,0,0,0,1,0,98116,Moderate
WS063,West Seattle,01/01/2018,03/31/2018,Almost Never,Most of the time,Most of the time,Almost Never,Most of the time,Most of the time,Most of the time,Almost Never,Most of the time,Most of the time,Most of the time,Sometimes,Most of the time,Most of the time,"I have met new people, moving in from another state this has been invaluable",exercise class,0,0,0,0,0,1,0,98126,Above Moderate
WS064,West Seattle,01/01/2018,03/31/2018,Almost Never,Most of the time,Most of the time,Sometimes,Most of the time,Most of the time,Most of the time,Most of the time,Most of the time,Most of the time,,Most of the time,Most of the time,Most of the time,,"Exercise, sometimes others",0,0,0,0,0,1,0,98136,Low
WS065,West Seattle,01/01/2018,03/31/2018,,Most of the time,Most of the time,Most of the time,Most of the time,Most of the time,Sometimes,Sometimes,,Most of the time,Most of the time,Sometimes,Most of the time,Most of the time,,,0,0,0,0,0,1,0,98116,Low
WS068,West Seattle,01/01/2018,03/31/2018,Most of the time,Sometimes,,,,,,,,Sometimes,,,,,Talking /visiting with members has increased my knowledge of West Seattle and its history,Working  in the Stop n' Shop,0,0,1,0,0,0,0,98126,Very Low
WS069,West Seattle,01/01/2018,03/31/2018,,Most of the time,,Most of the time,Most of the time,Most of the time,,Sometimes,Most of the time,Sometimes,Sometimes,Most of the time,Most of the time,Most of the time,"It has helped me thrive, be more social and be more creative","food and nutrition, computer class",0,0,1,0,0,0,0,98116,Very Low
WS070,West Seattle,01/01/2018,03/31/2018,Not Applicable,Most of the time,Not Applicable,Almost Never,Not Applicable,Most of the time,Not Applicable,Almost Never,Not Applicable,Sometimes,Most of the time,Sometimes,Not Applicable,Sometimes,It has offered a new chance for occasional dancing,Spanish class,0,0,0,0,0,0,0,,Unknown
WS071,West Seattle,01/01/2018,03/31/2018,Almost Never,Sometimes,Most of the time,Sometimes,Most of the time,Most of the time,Sometimes,Almost Never,Sometimes,Most of the time,Most of the time,Most of the time,Most of the time,Most of the time,"Sr. Center is a wonderful multipurpose institution, many useful things in one location","Spanish language, computer center",0,0,0,0,0,1,0,98116,Moderate
WS072,West Seattle,01/01/2018,03/31/2018,,,,,,,,,,,Most of the time,,,Most of the time,"Not presently a member, have been taking Spanish here for 2 months, not long enough to answer",,0,0,0,0,0,1,0,98118,Moderate
WS073,West Seattle,01/01/2018,03/31/2018,Sometimes,Sometimes,Most of the time,Most of the time,Most of the time,Sometimes,Most of the time,Almost Never,Most of the time,Most of the time,Most of the time,Most of the time,Most of the time,Most of the time,,Spanish,0,0,0,0,1,0,0,98116,Above Moderate
WS074,West Seattle,01/01/2018,03/31/2018,Most of the time,Most of the time,Not Applicable,Sometimes,Not Applicable,Most of the time,Most of the time,Not Applicable,Not Applicable,Most of the time,Most of the time,Not Applicable,Not Applicable,Most of the time,I am a volunteer in the kitchen and it makes me feel better to elp out in a positive atmosphere,Spanish classes and events,0,0,0,0,0,1,0,98104,Above Moderate
WS075,West Seattle,01/01/2018,03/31/2018,Not Applicable,Sometimes,Not Applicable,Not Applicable,Not Applicable,Sometimes,Almost Never,Almost Never,Not Applicable,Sometimes,Sometimes,Sometimes,Not Applicable,Most of the time,,Conversational Spanish,0,0,0,0,0,1,0,98136,Unknown
WS076,West Seattle,01/01/2018,03/31/2018,,Most of the time,Most of the time,Most of the time,Most of the time,Most of the time,Most of the time,Most of the time,Most of the time,Most of the time,Most of the time,Most of the time,Most of the time,Most of the time,"Since I recently moved from living in Ballard for 25 years, coming to the Sr. Ctr has made the change far more pleasant.","Yoga, aging well, Spanish",0,0,0,0,0,1,0,98116,Very Low
WS077,West Seattle,01/01/2018,03/31/2018,Sometimes,Sometimes,Sometimes,Sometimes,Sometimes,Sometimes,Sometimes,Sometimes,Sometimes,Sometimes,Sometimes,Sometimes,Sometimes,Most of the time,It has given me opportunities to learn,Spanish language class,0,0,0,0,0,1,0,98116,Unknown
WS078,West Seattle,01/01/2018,03/31/2018,Not Applicable,Sometimes,Not Applicable,Not Applicable,Not Applicable,Sometimes,Almost Never,Not Applicable,Not Applicable,Sometimes,Most of the time,Almost Never,Sometimes,Sometimes,"Improvign my Spanish, meeting good",Spanish conversation class,0,0,0,0,0,1,0,98126,Unknown
WS079,West Seattle,01/01/2018,03/31/2018,Most of the time,Sometimes,Almost Never,Sometimes,Most of the time,Most of the time,Most of the time,Most of the time,,Most of the time,Most of the time,Most of the time,Most of the time,Most of the time,,"Volunteering, Bingo",0,0,0,0,0,1,0,98116,Above Moderate
WS080,West Seattle,01/01/2018,03/31/2018,Almost Never,Almost Never,Most of the time,Most of the time,Most of the time,Most of the time,Sometimes,Sometimes,Sometimes,Most of the time,Most of the time,,,Most of the time,,,0,0,0,0,0,1,0,98166,Moderate
WS081,West Seattle,01/01/2018,03/31/2018,Most of the time,Most of the time,Sometimes,Not Applicable,Sometimes,Most of the time,Not Applicable,Sometimes,Sometimes,Most of the time,Most of the time,Most of the time,Most of the time,Most of the time,"Met fab people, discovered new volunteer opportunities","LGBT 2nd thursday out, Bingo, Bridge",0,0,0,0,0,1,0,98126,Above Moderate
WS082,West Seattle,01/01/2018,03/31/2018,Sometimes,Sometimes,Sometimes,Sometimes,Sometimes,Sometimes,Sometimes,Sometimes,Sometimes,Most of the time,Most of the time,Most of the time,Sometimes,Most of the time,adds a new dimension to my retired life,"Lunches, special events, Rainbow Bingo, pinochle",0,0,0,0,0,1,0,98106,Low
WS083,West Seattle,01/01/2018,03/31/2018,Sometimes,Sometimes,Most of the time,Not Applicable,Not Applicable,Most of the time,Not Applicable,Not Applicable,Not Applicable,Most of the time,Sometimes,Sometimes,Not Applicable,Most of the time,,"LGBT Night, Bingo, fundraisers, weight watchers",0,0,0,0,0,1,0,98126,Above Moderate
WS084,West Seattle,01/01/2018,03/31/2018,Almost Never,Sometimes,Sometimes,Sometimes,Sometimes,Sometimes,Sometimes,Sometimes,Sometimes,Most of the time,Sometimes,Sometimes,Sometimes,Most of the time,,LGBT night out,0,0,0,0,0,1,0,98116,Above Moderate
WS085,West Seattle,01/01/2018,03/31/2018,Not Applicable,Sometimes,Most of the time,Most of the time,Sometimes,Sometimes,Most of the time,Not Applicable,Not Applicable,Most of the time,Sometimes,Sometimes,Sometimes,Most of the time,,2nd thursday out,0,0,0,0,0,1,0,98146,Unknown
WS086,West Seattle,01/01/2018,03/31/2018,Sometimes,Most of the time,Not Applicable,Not Applicable,Sometimes,Most of the time,Most of the time,Not Applicable,Not Applicable,Most of the time,Sometimes,Not Applicable,Not Applicable,Most of the time,Enjoy volunteering and meeting a new segment of the population,"Rainbow Bingo, LGBT Second Thursday OUt",0,0,0,0,0,1,0,98116,Above Moderate
WS087,West Seattle,01/01/2018,03/31/2018,Sometimes,Sometimes,Almost Never,Almost Never,Sometimes,Sometimes,Sometimes,Not Applicable,Not Applicable,Most of the time,Sometimes,Not Applicable,Most of the time,Most of the time,EnhanceFitness for injury recover and then it became fun,"EnhaneceFitness, 2nd thursday movies",0,0,0,0,0,1,0,98136,Unknown
WS088,West Seattle,01/01/2018,03/31/2018,Almost Never,Sometimes,Not Applicable,Not Applicable,Not Applicable,Sometimes,Almost Never,Almost Never,Almost Never,Most of the time,Sometimes,Most of the time,Sometimes,Most of the time,Meeting new friends,LGBT meetings at SCWS,0,1,0,0,0,0,0,98126,Above Moderate
WS089,West Seattle,01/01/2018,03/31/2018,Not Applicable,Most of the time,Most of the time,Not Applicable,Most of the time,Most of the time,Most of the time,Not Applicable,Most of the time,Most of the time,,,Most of the time,Most of the time,,,0,0,0,0,0,1,0,98116,Very Low
WS095,West Seattle,01/01/2018,03/31/2018,Most of the time,Most of the time,Most of the time,Most of the time,Sometimes,Most of the time,Most of the time,Most of the time,Most of the time,Most of the time,Most of the time,Most of the time,Most of the time,Most of the time,I have something at least once a week and friends to visit with,"classes, volunteer at the stop & shop",0,0,0,0,0,1,0,98116,Moderate
WS096,West Seattle,01/01/2018,03/31/2018,Most of the time,Most of the time,Sometimes,Sometimes,Most of the time,Most of the time,Most of the time,Sometimes,Sometimes,Sometimes,Sometimes,Sometimes,Most of the time,Most of the time,met my best friends here.,stop & Shop,0,0,0,0,0,1,0,98116,Very Low
WS097,West Seattle,01/01/2018,03/31/2018,Most of the time,Most of the time,Not Applicable,Not Applicable,,Most of the time,Not Applicable,Most of the time,Not Applicable,Most of the time,Most of the time,Most of the time,Not Applicable,Most of the time,I have not many good friends over the years. Friends are special!,"Take courses, ex AARP defensive driving/volunteering in kitchen/us computers",0,0,0,0,0,1,0,98136,Moderate
WS098,West Seattle,01/01/2018,03/31/2018,Most of the time,Most of the time,Most of the time,Most of the time,Most of the time,Most of the time,Most of the time,Most of the time,Most of the time,Most of the time,,Most of the time,Most of the time,Most of the time,,,0,0,0,0,0,1,0,98136,Low
WS099,West Seattle,01/01/2018,03/31/2018,Not Applicable,Sometimes,Not Applicable,Not Applicable,Not Applicable,Most of the time,Most of the time,Not Applicable,Not Applicable,Most of the time,Sometimes,Sometimes,Not Applicable,Most of the time,I am more positive and enjoy,,0,0,0,0,0,1,0,98125,Above Moderate
WS100,West Seattle,01/01/2018,03/31/2018,Most of the time,Most of the time,Most of the time,Most of the time,Sometimes,Sometimes,Sometimes,Most of the time,Most of the time,Most of the time,Most of the time,Most of the time,Most of the time,Most of the time,Keeps me involved with the community,"classes, lunches, groups",0,0,0,0,0,0,0,,Unknown
WS107,West Seattle,01/01/2018,03/31/2018,Most of the time,Most of the time,Sometimes,Sometimes,Most of the time,Most of the time,Most of the time,Most of the time,Most of the time,Most of the time,Most of the time,Most of the time,Most of the time,Most of the time,"Since I plugged myself in 19 years ago, I feel more involved and useful","MOW, Accounting in the office, pinochle, line dancing",0,0,0,0,0,1,0,98168,Moderate
WS108,West Seattle,01/01/2018,03/31/2018,Sometimes,Sometimes,Most of the time,Most of the time,Most of the time,Most of the time,Sometimes,,Sometimes,Sometimes,Sometimes,Sometimes,Sometimes,Sometimes,Become more open,More conversation,0,0,0,0,0,1,0,,Low
WS109,West Seattle,01/01/2018,03/31/2018,,Most of the time,,,Most of the time,Most of the time,Most of the time,Most of the time,Most of the time,Most of the time,Most of the time,Most of the time,Most of the time,Most of the time,"Enjoy coming to movies Wednesday and Friday, and talking to people I know there","Senior movies, special lunches",0,0,0,0,0,1,0,98126,Low
WS110,West Seattle,01/01/2018,03/31/2018,Not Applicable,Not Applicable,Not Applicable,Not Applicable,Not Applicable,Sometimes,Sometimes,Not Applicable,Not Applicable,Sometimes,Sometimes,Not Applicable,Not Applicable,Sometimes,Movies we never saw,"Movies, the odd lunch",0,0,0,0,0,1,0,98126,Above Moderate
WS111,West Seattle,01/01/2018,03/31/2018,Almost Never,Sometimes,Most of the time,Not Applicable,Not Applicable,Most of the time,,Most of the time,Most of the time,Most of the time,Most of the time,Most of the time,Almost Never,Most of the time,"The classes, movies, provided an affordable outlet",,0,0,0,0,0,1,0,98126,Above Moderate
WS112,West Seattle,01/01/2018,03/31/2018,Almost Never,Most of the time,Sometimes,Sometimes,Sometimes,Most of the time,Most of the time,Most of the time,Most of the time,Most of the time,Most of the time,Most of the time,Most of the time,Most of the time,"it made life much more happy, useful and intelligent people","Bridge, pinochle, movies, cafe for lunch, My birthday lunch",0,0,0,0,0,1,0,98126,Moderate
WS113,West Seattle,01/01/2018,03/31/2018,,Sometimes,Sometimes,Sometimes,Sometimes,,Sometimes,Sometimes,Sometimes,Most of the time,Most of the time,Sometimes,Most of the time,Most of the time,Always something to do,Movies,0,0,0,0,0,1,0,98116,Very Low
WS114,West Seattle,01/01/2018,03/31/2018,Almost Never,Sometimes,Sometimes,Sometimes,Sometimes,Sometimes,,Most of the time,Most of the time,Most of the time,,Most of the time,Sometimes,Most of the time,Attend activities at center,"Movies, meals, shop at thriftshop",0,0,0,0,0,1,0,98116,Very Low
WS115,West Seattle,01/01/2018,03/31/2018,Not Applicable,Most of the time,Most of the time,Not Applicable,Most of the time,Most of the time,Most of the time,Not Applicable,Most of the time,Most of the time,Most of the time,Not Applicable,Most of the time,Most of the time,,Line Dance,0,0,0,0,0,1,0,98136,Above Moderate
WS116,West Seattle,01/01/2018,03/31/2018,Sometimes,Sometimes,Most of the time,Most of the time,Most of the time,Most of the time,Most of the time,Most of the time,Most of the time,Most of the time,Most of the time,Most of the time,Most of the time,Most of the time,"Meet new friends, activities","Line dancinc, field trips",0,1,0,0,0,0,0,98136,Moderate
WS117,West Seattle,01/01/2018,03/31/2018,Not Applicable,Most of the time,Most of the time,Sometimes,Sometimes,Most of the time,,,Most of the time,Sometimes,Most of the time,,Sometimes,Most of the time,I come to lunch here,Have a good time,0,0,0,0,0,1,0,98126,Very Low
WS118,West Seattle,01/01/2018,03/31/2018,Most of the time,Most of the time,Most of the time,Most of the time,Most of the time,Most of the time,Most of the time,Most of the time,,Most of the time,Most of the time,Most of the time,Most of the time,Most of the time,It has enriched my life,"Volunteer, teach conversational Spanish, Board member",0,0,0,0,0,1,0,98116,Moderate
WS119,West Seattle,01/01/2018,03/31/2018,Not Applicable,Sometimes,Sometimes,Sometimes,Sometimes,Sometimes,Almost Never,Almost Never,Almost Never,Sometimes,Almost Never,Sometimes,Sometimes,Sometimes,,,0,0,0,0,0,1,0,98168,Moderate
WS120,West Seattle,01/01/2018,03/31/2018,Sometimes,Most of the time,Sometimes,Sometimes,Most of the time,Most of the time,Sometimes,Almost Never,Sometimes,Sometimes,,Almost Never,Sometimes,Most of the time,,Line dance and lunch,0,0,0,0,0,1,0,98116,Above Moderate
WS121,West Seattle,01/01/2018,03/31/2018,Most of the time,Most of the time,Most of the time,Most of the time,Most of the time,Most of the time,Most of the time,Most of the time,Most of the time,Most of the time,Most of the time,Most of the time,Most of the time,Most of the time,"I have observed while working, I'm impressed",AARP Volunteer,0,0,0,0,0,1,0,98005,Very Low
WS122,West Seattle,01/01/2018,03/31/2018,,Most of the time,Sometimes,Sometimes,Sometimes,Most of the time,Sometimes,Almost Never,Sometimes,Sometimes,Most of the time,Sometimes,Most of the time,Most of the time,Have educational programs to keep my mind active,"History, Residence, Bridge",0,0,0,0,0,1,0,98116,Low
WS123,West Seattle,01/01/2018,03/31/2018,,Sometimes,Sometimes,Almost Never,Almost Never,,Sometimes,Almost Never,Almost Never,Sometimes,Sometimes,Most of the time,Most of the time,Most of the time,Helped me to overcome loneliness after my husband's death,"Line dance, conversational Spanish, holiday, lunch",0,0,0,0,0,1,0,98116,Above Moderate
WS124,West Seattle,01/01/2018,03/31/2018,Not Applicable,Most of the time,Most of the time,Almost Never,Most of the time,Most of the time,Most of the time,Not Applicable,Not Applicable,Sometimes,Most of the time,Almost Never,Most of the time,Most of the time,Different types of dancing is very fun,"Paining! Tori is an exceptional teacher, please tell her!",0,0,0,0,0,1,0,98116,Above Moderate
WS125,West Seattle,01/01/2018,03/31/2018,Almost Never,Sometimes,Sometimes,Most of the time,Most of the time,Most of the time,Sometimes,Sometimes,Not Applicable,Most of the time,Most of the time,Most of the time,Not Applicable,Most of the time,"Meditation - calmer, Spanish better for my brain and happiness","Spanish, meditation",0,0,0,0,0,1,0,98116,Low
WS130,West Seattle,01/01/2018,03/31/2018,Not Applicable,Most of the time,Most of the time,Not Applicable,Most of the time,Most of the time,Most of the time,Most of the time,Most of the time,Most of the time,Most of the time,Most of the time,Most of the time,Most of the time,Socialization with elders to learn their experience,Brain injury support group,0,1,0,1,0,0,0,98109,Very Low
WS131,West Seattle,01/01/2018,03/31/2018,Sometimes,Most of the time,Almost Never,Not Applicable,Not Applicable,Most of the time,Not Applicable,Most of the time,Most of the time,Most of the time,,Sometimes,Not Applicable,Most of the time,Made it easier to deal with my head injury and it's impact on my life,,0,0,0,0,0,1,0,98116,Very Low
WS132,West Seattle,01/01/2018,03/31/2018,Not Applicable,Sometimes,Not Applicable,Not Applicable,Not Applicable,Sometimes,Not Applicable,Not Applicable,Not Applicable,Sometimes,Almost Never,Most of the time,Not Applicable,Sometimes,The TBI support groups you host once per month are an enormous benefit to my emotional and cognitive life!,TBI Support Group,0,0,0,0,0,1,1,98116,Low
WS133,West Seattle,01/01/2018,03/31/2018,Most of the time,Sometimes,Not Applicable,Not Applicable,Sometimes,Sometimes,Not Applicable,Not Applicable,Not Applicable,Most of the time,Most of the time,Most of the time,Sometimes,Most of the time,Enjoy volunteering and engaging with staff and members,,0,0,0,0,0,1,0,98116,Above Moderate
WS134,West Seattle,01/01/2018,03/31/2018,Most of the time,Sometimes,Sometimes,Sometimes,Sometimes,Most of the time,Sometimes,Most of the time,Not Applicable,Most of the time,Sometimes,Sometimes,Sometimes,Most of the time,"Given me volunteer opportunities, let me meet people my own age","Volunteering, German",0,0,0,0,0,1,0,98126,Above Moderate
WS135,West Seattle,01/01/2018,03/31/2018,Not Applicable,Most of the time,Not Applicable,Not Applicable,Not Applicable,Sometimes,Sometimes,Sometimes,Sometimes,Most of the time,Sometimes,Sometimes,Not Applicable,Most of the time,learned Bridge,bridge for fun,0,0,0,0,0,1,0,98146,Moderate
WS136,West Seattle,01/01/2018,03/31/2018,Most of the time,Most of the time,Almost Never,Most of the time,Almost Never,Most of the time,Most of the time,Most of the time,Most of the time,Most of the time,Most of the time,Most of the time,Most of the time,Most of the time,,"Bridge, cribbage",1,0,0,0,0,1,0,98116,Unknown
WS137,West Seattle,01/01/2018,03/31/2018,Not Applicable,Sometimes,Not Applicable,Not Applicable,Sometimes,Sometimes,Sometimes,Not Applicable,Not Applicable,Sometimes,Most of the time,Sometimes,,Most of the time,"Dance classes, Spanish, History",Convenient for classes,0,0,0,0,0,1,0,98136,Above Moderate
WS138,West Seattle,01/01/2018,03/31/2018,Almost Never,Sometimes,Sometimes,Sometimes,Sometimes,Sometimes,Most of the time,Almost Never,Most of the time,Most of the time,Most of the time,Sometimes,Sometimes,Most of the time,Have a lot of learning classes,"History class, bridge, line dance",0,0,0,0,0,1,0,98116,Moderate
WS139,West Seattle,01/01/2018,03/31/2018,Not Applicable,Almost Never,Almost Never,Almost Never,Almost Never,Sometimes,Almost Never,Most of the time,Almost Never,Sometimes,Almost Never,Almost Never,Almost Never,Most of the time,,Bridge,0,0,0,0,0,1,0,98116,Very Low
WS141,West Seattle,01/01/2018,03/31/2018,Almost Never,Most of the time,Not Applicable,Not Applicable,Sometimes,Sometimes,Sometimes,Not Applicable,Sometimes,Most of the time,Sometimes,Sometimes,Sometimes,Sometimes,"Gives me something to look forward to in the week, fun to socialize","Pricing clothing, other items for the thift shop",0,0,0,0,0,1,0,98146,Very Low
WS142,West Seattle,01/01/2018,03/31/2018,Sometimes,Most of the time,Almost Never,Sometimes,Most of the time,Sometimes,Most of the time,Most of the time,Most of the time,Most of the time,Sometimes,Most of the time,Most of the time,Most of the time,"Met new friends, drank more coffee",,0,0,0,0,0,1,0,98136,Very Low
WS143,West Seattle,01/01/2018,03/31/2018,Almost Never,Almost Never,Almost Never,Sometimes,Sometimes,Sometimes,Almost Never,Sometimes,Most of the time,Sometimes,Almost Never,Almost Never,Sometimes,Sometimes,,,0,1,0,0,0,0,0,98116,Low
WS144,West Seattle,01/01/2018,03/31/2018,Sometimes,Most of the time,Sometimes,Almost Never,Sometimes,Most of the time,Sometimes,Sometimes,Sometimes,Most of the time,Almost Never,Almost Never,Sometimes,Most of the time,Love playing bridge with my friends each Wednesday,Bridge Wednesday,0,0,0,0,0,1,0,98126,Above Moderate
WS145,West Seattle,01/01/2018,03/31/2018,Sometimes,Sometimes,Sometimes,Sometimes,Most of the time,Most of the time,Sometimes,Most of the time,Most of the time,Most of the time,Most of the time,Most of the time,Most of the time,Most of the time,Provides a unique sense of community,"Stop n' shop, EnhanceFitness classes, admin work, help with various events",0,0,0,0,0,1,0,98116,Above Moderate
WS146,West Seattle,01/01/2018,03/31/2018,Sometimes,Sometimes,Most of the time,Sometimes,Most of the time,Most of the time,Sometimes,Sometimes,Sometimes,Most of the time,Sometimes,Most of the time,,Most of the time,Given my a wider sense of purpose now that I'm on disability,"Volunteer in kitchen, attend Enhance Fitness, volunteer for miscellaneous events",0,0,0,0,0,1,0,98116,Above Moderate
WS147,West Seattle,01/01/2018,03/31/2018,Sometimes,Most of the time,Most of the time,Most of the time,Sometimes,Most of the time,Sometimes,Most of the time,Sometimes,Most of the time,Sometimes,Sometimes,Most of the time,Most of the time,,Caregiver support group,0,0,0,0,0,0,0,98146,Very Low
WS148,West Seattle,01/01/2018,03/31/2018,Not Applicable,Not Applicable,Sometimes,Sometimes,Sometimes,Most of the time,Sometimes,Most of the time,Most of the time,Most of the time,Most of the time,Most of the time,Most of the time,Most of the time,Helped caring for my elderly parents (90+),Caregiver support group,0,0,0,0,0,1,0,98116,Low
WS149,West Seattle,01/01/2018,03/31/2018,Not Applicable,Most of the time,Sometimes,Sometimes,Not Applicable,Almost Never,Almost Never,Not Applicable,Not Applicable,Most of the time,,Most of the time,Not Applicable,Most of the time,Caregiver support group,,0,0,0,0,0,1,0,98166,Very Low
WS150,West Seattle,01/01/2018,03/31/2018,Not Applicable,Most of the time,Most of the time,,,Most of the time,Most of the time,Most of the time,Most of the time,Most of the time,Most of the time,Most of the time,Most of the time,Most of the time,It's like a family to me,"Groups, games, support",0,0,0,0,0,1,0,98133,Unknown
WS151,West Seattle,01/01/2018,03/31/2018,Not Applicable,Most of the time,Most of the time,Sometimes,Sometimes,Sometimes,Not Applicable,Most of the time,Not Applicable,Most of the time,Most of the time,Most of the time,Not Applicable,Most of the time,Helped with adjusting to my husband's and my retirement,"Caregiver support group, Tai Chi",0,0,0,0,0,0,0,98106,Above Moderate
WS153,West Seattle,01/01/2018,03/31/2018,Sometimes,Most of the time,Sometimes,Most of the time,Sometimes,Sometimes,Sometimes,Most of the time,Most of the time,Most of the time,Most of the time,Most of the time,Most of the time,Most of the time,It has become a home away from home,"lunch, book discussion, exercise, cribbage, events",0,0,0,0,0,1,0,98166,Low
WS154,West Seattle,01/01/2018,03/31/2018,Sometimes,Most of the time,Most of the time,Most of the time,Sometimes,Sometimes,Sometimes,Not Applicable,Sometimes,Almost Never,Most of the time,Most of the time,Sometimes,Most of the time,Better balance and Tai Chi ability,Tai Chi,0,0,0,0,0,1,0,98116,Above Moderate
WS155,West Seattle,01/01/2018,03/31/2018,Almost Never,Sometimes,Sometimes,Most of the time,Most of the time,Most of the time,Sometimes,Almost Never,Almost Never,Sometimes,Most of the time,Sometimes,Sometimes,Most of the time,Better balance,Tai Chi,0,0,0,0,0,1,0,98116,Above Moderate
WS156,West Seattle,01/01/2018,03/31/2018,Not Applicable,Most of the time,Sometimes,Sometimes,Sometimes,Not Applicable,Not Applicable,Not Applicable,Not Applicable,Sometimes,Sometimes,Not Applicable,Most of the time,Sometimes,I do Tai Chi,Tai Chi,0,0,0,0,0,1,0,98136,Above Moderate
WS157,West Seattle,01/01/2018,03/31/2018,Not Applicable,Sometimes,Most of the time,Not Applicable,Most of the time,Most of the time,Most of the time,Not Applicable,Most of the time,Most of the time,Most of the time,Most of the time,Most of the time,Most of the time,Love the Tai Chi,Tai Chi,0,0,0,0,0,1,0,98136,Above Moderate
WS158,West Seattle,01/01/2018,03/31/2018,Almost Never,Sometimes,Most of the time,Sometimes,Most of the time,Most of the time,Sometimes,Most of the time,Most of the time,Most of the time,Most of the time,Most of the time,Most of the time,Most of the time,Better Fitness,Tai Chi,0,0,0,0,0,1,0,98116,Above Moderate
WS159,West Seattle,01/01/2018,03/31/2018,Sometimes,Most of the time,Most of the time,Sometimes,Sometimes,Most of the time,Most of the time,Most of the time,Most of the time,Most of the time,Most of the time,Most of the time,Most of the time,Most of the time,(respondend drew a smiley face),Tai Chi,0,0,0,0,0,0,0,98126,Low
WS160,West Seattle,01/01/2018,03/31/2018,,Most of the time,Most of the time,Most of the time,Most of the time,Most of the time,Most of the time,,Most of the time,Most of the time,Most of the time,Most of the time,Most of the time,Most of the time,It has made a great positive difference to me as I recently moved from Ballard to West Seattle,"Yoga, diabetes, reading, Spanish class, AgingWell",0,0,0,0,0,1,0,98116,Very Low
WS163,West Seattle,01/01/2018,03/31/2018,Not Applicable,Most of the time,Almost Never,Sometimes,Sometimes,Sometimes,Most of the time,Most of the time,Sometimes,Most of the time,Most of the time,Most of the time,Most of the time,Sometimes,Great!,History Films,0,0,0,0,0,1,0,98116,Very Low
WS164,West Seattle,01/01/2018,03/31/2018,Sometimes,Most of the time,Sometimes,Sometimes,Sometimes,Sometimes,Sometimes,Sometimes,Most of the time,Sometimes,Sometimes,Most of the time,Most of the time,Most of the time,Has changed my life quite a bit,,0,0,1,0,0,0,0,98106,Very Low
WS165,West Seattle,01/01/2018,03/31/2018,Sometimes,Most of the time,Sometimes,Sometimes,Sometimes,Sometimes,Sometimes,Most of the time,Sometimes,Sometimes,Sometimes,Sometimes,Sometimes,Sometimes,Additional friends/interests,"live dance, diabetes, exercise",0,0,0,0,0,1,0,98106,Above Moderate
WS166,West Seattle,01/01/2018,03/31/2018,Sometimes,Sometimes,Sometimes,Most of the time,Most of the time,Most of the time,Sometimes,Most of the time,Most of the time,Most of the time,Sometimes,Most of the time,Most of the time,Most of the time,Gets me out of myself!,"Ukes, Diabetic, Support, computer",0,0,0,0,0,1,0,98106,Moderate
WS167,West Seattle,01/01/2018,03/31/2018,Most of the time,Most of the time,Most of the time,Most of the time,Most of the time,Most of the time,Most of the time,Most of the time,Most of the time,Most of the time,Most of the time,Most of the time,Most of the time,Most of the time,Having things to participate in keeps my mind busy,"pinochle, cribbage, Bingo, nutrition lunch",0,0,0,0,0,1,0,98116,Very Low
WS168,West Seattle,01/01/2018,03/31/2018,Most of the time,Most of the time,Most of the time,Most of the time,Most of the time,Most of the time,Most of the time,Most of the time,Most of the time,Most of the time,Most of the time,Most of the time,Most of the time,Most of the time,I have more of a passion for volunteering,,0,0,0,0,0,1,0,98136,Low
WS169,West Seattle,01/01/2018,03/31/2018,Not Applicable,Most of the time,Most of the time,Sometimes,Most of the time,Most of the time,Sometimes,Sometimes,Most of the time,Most of the time,Most of the time,Most of the time,Most of the time,Most of the time,"Love the computer lab, been helpful in keeping track of my diabetes",Using the computers in lab for Excel,0,0,0,0,0,1,0,98116,Low
WS170,West Seattle,01/01/2018,03/31/2018,Not Applicable,Sometimes,Not Applicable,Not Applicable,Sometimes,Sometimes,Sometimes,Not Applicable,Not Applicable,Sometimes,Most of the time,Sometimes,Sometimes,Most of the time,It has given me a wonderful history class to attend. It keeps my feet healthy,"History class, footcare, classes",0,0,0,0,0,1,0,98126,Above Moderate
WS171,West Seattle,01/01/2018,03/31/2018,Most of the time,Most of the time,Most of the time,Most of the time,Most of the time,Most of the time,Most of the time,Most of the time,Most of the time,Most of the time,Most of the time,Most of the time,Most of the time,Most of the time,Keeps in contact with friends I met years ago,"Music, dance, meals, events",0,1,0,0,0,1,0,98126,Above Moderate
WS172,West Seattle,01/01/2018,03/31/2018,Most of the time,Most of the time,Most of the time,Most of the time,Most of the time,Most of the time,Most of the time,Most of the time,Most of the time,Most of the time,Most of the time,Most of the time,Most of the time,Most of the time,,Assist visitors to travel without their car,1,0,0,0,0,0,0,98126,Moderate
WS173,West Seattle,01/01/2018,03/31/2018,Not Applicable,Sometimes,Sometimes,Not Applicable,Not Applicable,Sometimes,Not Applicable,Most of the time,Sometimes,Most of the time,Most of the time,Sometimes,Sometimes,Most of the time,Chance to meet nice people and learn new things,Classes and insurance information classes,0,0,0,0,0,1,0,98136,Above Moderate
WS174,West Seattle,01/01/2018,03/31/2018,Most of the time,Most of the time,Most of the time,Most of the time,Sometimes,Most of the time,Most of the time,Most of the time,Most of the time,Most of the time,Most of the time,Most of the time,Sometimes,Most of the time,Make a lot of new friends,Bingo,0,0,0,0,0,1,0,98116,Low
WS175,West Seattle,01/01/2018,03/31/2018,Not Applicable,Most of the time,Most of the time,Most of the time,Most of the time,Sometimes,Sometimes,Most of the time,Most of the time,Most of the time,Most of the time,Most of the time,Sometimes,Most of the time,"Vecause of Lockerbie's class I fulfill my deep need to learn, always learn and study",,0,0,0,0,0,1,0,98136,Very Low
WS176,West Seattle,01/01/2018,03/31/2018,Most of the time,Most of the time,Most of the time,Sometimes,Most of the time,Most of the time,Most of the time,Most of the time,Most of the time,Most of the time,Most of the time,Most of the time,Most of the time,Most of the time,"Keeps me involved with others my age, makes me feel happier as I grow older",Vet meetings and Mr. Lockerbie's history class,0,0,0,0,0,1,0,98146,Moderate
WS177,West Seattle,01/01/2018,03/31/2018,,Most of the time,Most of the time,,,Most of the time,Most of the time,Most of the time,Most of the time,Most of the time,Most of the time,Most of the time,Most of the time,Most of the time,,,0,0,0,0,0,1,0,98136,Above Moderate
WS178,West Seattle,01/01/2018,03/31/2018,Most of the time,Most of the time,Most of the time,Sometimes,,Sometimes,Sometimes,Not Applicable,Not Applicable,Most of the time,Most of the time,Most of the time,Most of the time,Most of the time,"Enhanced, not changed",Bingo and ten years of cashier in Stop n' Shop,0,0,0,0,0,1,0,98136,Moderate
WS179,West Seattle,01/01/2018,03/31/2018,Most of the time,Sometimes,Most of the time,Sometimes,Most of the time,Most of the time,Sometimes,Not Applicable,Not Applicable,Most of the time,Most of the time,Most of the time,Not Applicable,Most of the time,"I feel appreciated and useful, volunteering is very rewarding, enhjoying making a difference in my community","Bingo, donating to gift shop",0,0,0,0,0,1,0,98116,Above Moderate
